{
  "best_val_acc": 0.8343666666666667,
  "test_acc": 0.8326,
  "test_loss": 0.3203038142760595,
  "per_class": {
    "Normal": {
      "precision": 0.9921521681298218,
      "recall": 0.9945333333333334,
      "f1": 0.9933413237448395
    },
    "Jammer": {
      "precision": 0.7044545579920011,
      "recall": 0.6810666666666667,
      "f1": 0.692563216053149
    },
    "Spoofer": {
      "precision": 0.9356084996780425,
      "recall": 0.9686666666666667,
      "f1": 0.951850638716017
    },
    "Interference": {
      "precision": 0.689257969461559,
      "recall": 0.6861333333333334,
      "f1": 0.687692102098089
    }
  },
  "epochs_trained": 45,
  "total_params": 29252
}